{
  "model": "XGBoost",
  "dataset": "master_stacked.csv",
  "n_observations": 357,
  "n_features": 10,
  "positive_class_rate": 0.2605042016806723,
  "cv_strategy": "StratifiedGroupKFold(n_splits=5, groups=fips)",
  "best_params": {
    "subsample": 0.8,
    "n_estimators": 800,
    "min_child_weight": 5,
    "max_depth": 4,
    "learning_rate": 0.01,
    "gamma": 0,
    "colsample_bytree": 0.6
  },
  "scale_pos_weight": 2.84,
  "cv_metrics": {
    "accuracy": 0.711484593837535,
    "precision": 0.4418604651162791,
    "recall": 0.40860215053763443,
    "f1": 0.4245810055865922,
    "roc_auc": 0.6611274030628869,
    "pr_auc": 0.5061040870224839,
    "brier": 0.19549529696241186
  },
  "cv_metrics_calibrated": {
    "brier": 0.16310214667820735
  },
  "baseline_pr_auc": 0.2605042016806723,
  "feature_importance": {
    "gain": {
      "state_NY": 0.16229966282844543,
      "avg_household_size": 0.1254323124885559,
      "pct_foreign_born": 0.1205630674958229,
      "state_PA": 0.11588918417692184,
      "pop_density_per_sqmi": 0.11373168975114822,
      "public_transport_pct": 0.10460080206394196,
      "pct_elderly": 0.09867855906486511,
      "disease_RSV": 0.09148503839969635,
      "disease_FLU": 0.06731963157653809,
      "state_DE": 0.0
    },
    "permutation": {
      "pct_foreign_born": 0.20427884710608216,
      "avg_household_size": 0.11529864957699412,
      "public_transport_pct": 0.09470322660344567,
      "pop_density_per_sqmi": 0.08015350136052612,
      "pct_elderly": 0.06404296529860455,
      "disease_FLU": 0.016940046716784625,
      "disease_RSV": 0.009846929809846338,
      "state_NY": 0.0070110251965658415,
      "state_PA": 0.003930044804765927,
      "state_DE": 0.0
    },
    "permutation_std": {
      "pct_foreign_born": 0.027550990227770265,
      "pop_density_per_sqmi": 0.019901380151339458,
      "avg_household_size": 0.024677239024654792,
      "public_transport_pct": 0.019803518362019285,
      "pct_elderly": 0.01625648647827094,
      "disease_FLU": 0.0027845898483156856,
      "disease_RSV": 0.003048998142787161,
      "state_DE": 0.0,
      "state_NY": 0.0067356976759731756,
      "state_PA": 0.004274382764812398
    }
  },
  "per_disease_performance": {
    "COVID": {
      "n": 140,
      "positives": 36,
      "pr_auc": 0.625,
      "pr_auc_calibrated": 0.604,
      "roc_auc": 0.732,
      "accuracy": 0.771
    },
    "FLU": {
      "n": 141,
      "positives": 37,
      "pr_auc": 0.495,
      "pr_auc_calibrated": 0.488,
      "roc_auc": 0.629,
      "accuracy": 0.681
    },
    "RSV": {
      "n": 76,
      "positives": 20,
      "pr_auc": 0.326,
      "pr_auc_calibrated": 0.332,
      "roc_auc": 0.568,
      "accuracy": 0.658
    }
  }
}